dimensions,n_parties,threshold,patronage,polarization,avg_mttf,avg_gallagher,std_mttf
2,5,0.0,0.0,Uniform,3.9344928273811575,9.255952865645721E-4,0.6326346128917677
2,5,0.0,0.0,Symmetric,3.8308733550709206,8.413489832712316E-4,0.8464695851643191
2,5,0.0,0.0,Asymmetric,5.0,0.0010184160191147682,0.0
2,5,0.0,0.3,Uniform,3.9948749792391713,8.376088069455498E-4,0.9840154008688187
2,5,0.0,0.3,Symmetric,3.990871201457717,8.776485687530242E-4,0.9161278648146445
2,5,0.0,0.3,Asymmetric,5.0,8.861326806092872E-4,0.0
2,5,0.0,0.6,Uniform,4.9317149915633305,5.870667305477984E-4,0.302353075439826
2,5,0.0,0.6,Symmetric,4.824438588659166,5.150875286989673E-4,0.3884367913067011
2,5,0.0,0.6,Asymmetric,5.0,6.749025600727362E-4,0.0
2,5,0.0,0.9,Uniform,5.0,1.024264068711903E-4,0.0
2,5,0.0,0.9,Symmetric,4.985355720763423,1.938560218827468E-4,0.07886185717066242
2,5,0.0,0.9,Asymmetric,5.0,1.7023689270622157E-4,0.0
2,5,0.05,0.0,Uniform,4.001858922202055,0.0031496585031601156,0.6266388761525331
2,5,0.05,0.0,Symmetric,4.3148683108886,0.018875012070490263,0.8551466956026655
2,5,0.05,0.0,Asymmetric,5.0,0.05718354824334111,0.0
2,5,0.05,0.3,Uniform,4.346335529312998,0.012581768697720232,0.738287140516301
2,5,0.05,0.3,Symmetric,4.288657271778974,0.010270907815415672,0.8986551925306927
2,5,0.05,0.3,Asymmetric,5.0,0.041665913394427996,0.0
2,5,0.05,0.6,Uniform,4.856851411694579,0.005441230329748874,0.5361324859682339
2,5,0.05,0.6,Symmetric,4.774497213743347,0.0019697442641027274,0.6190465509271853
2,5,0.05,0.6,Asymmetric,5.0,0.01618788789361828,0.0
2,5,0.05,0.9,Uniform,5.0,0.003103213442727263,0.0
2,5,0.05,0.9,Symmetric,4.865035081340894,0.0012082842712474605,0.5373288834721752
2,5,0.05,0.9,Asymmetric,5.0,0.007482505492746824,0.0
2,5,0.1,0.0,Uniform,4.211613659516589,0.03909341431672522,0.6911657045799595
2,5,0.1,0.0,Symmetric,4.258468046819578,0.03716012894520639,1.0212002665660134
2,5,0.1,0.0,Asymmetric,5.0,0.11271818903123935,0.0
2,5,0.1,0.3,Uniform,4.128524443475165,0.047963805380093795,0.9001179803376061
2,5,0.1,0.3,Symmetric,4.516193462204011,0.023987899707554678,0.7822194414993549
2,5,0.1,0.3,Asymmetric,4.995870939653051,0.08437327842967231,0.02223567046692121
2,5,0.1,0.6,Uniform,4.815352557554517,0.02085061071052217,0.45243298630831613
2,5,0.1,0.6,Symmetric,4.957278538310122,0.018627379733922866,0.18558263234479125
2,5,0.1,0.6,Asymmetric,5.0,0.042909706406650164,0.0
2,5,0.1,0.9,Uniform,5.0,0.0018113807118745769,0.0
2,5,0.1,0.9,Symmetric,4.9866455791239,2.3990187582825925E-4,0.0719157573216368
2,5,0.1,0.9,Asymmetric,5.0,0.003212763301199159,0.0
2,8,0.0,0.0,Uniform,3.94068097062244,0.001109833325665517,0.5120826039331876
2,8,0.0,0.0,Symmetric,3.332719894263355,0.0011434498532446886,0.7190433331028239
2,8,0.0,0.0,Asymmetric,5.0,0.0013591606236259034,0.0
2,8,0.0,0.3,Uniform,3.94746866372267,9.670541550703364E-4,0.696470347719144
2,8,0.0,0.3,Symmetric,3.5084544962228312,9.742207500719991E-4,1.1204077140071618
2,8,0.0,0.3,Asymmetric,4.940839804503719,0.0012224334114026914,0.2357235944328367
2,8,0.0,0.6,Uniform,4.588951946875857,8.461658870001858E-4,0.7114264235800645
2,8,0.0,0.6,Symmetric,4.535828095490576,7.055127972924609E-4,0.6972222316823956
2,8,0.0,0.6,Asymmetric,4.951619075064849,8.041455328440177E-4,0.26053925429739044
2,8,0.0,0.9,Uniform,5.0,1.5849066737064397E-4,0.0
2,8,0.0,0.9,Symmetric,4.935780097178194,2.256879260777576E-4,0.2645961549318823
2,8,0.0,0.9,Asymmetric,5.0,1.311272650049928E-4,0.0
2,8,0.05,0.0,Uniform,4.037672174632701,0.02170080408872287,0.5088844914199009
2,8,0.05,0.0,Symmetric,3.8791107033887595,0.028160474174433316,0.8956873618299662
2,8,0.05,0.0,Asymmetric,5.0,0.09290850505180252,0.0
2,8,0.05,0.3,Uniform,3.8812859025126105,0.02421061681455585,0.6891112570999243
2,8,0.05,0.3,Symmetric,3.9965557585175753,0.024758265818134274,0.9232298456048792
2,8,0.05,0.3,Asymmetric,4.974922819602002,0.06963407498769512,0.10076087967487347
2,8,0.05,0.6,Uniform,4.7820286619141905,0.010170675833177748,0.6297136930871448
2,8,0.05,0.6,Symmetric,4.755305770860863,0.00963299638408788,0.5523463620247641
2,8,0.05,0.6,Asymmetric,4.984494122610171,0.01977335090689035,0.08350170522345123
2,8,0.05,0.9,Uniform,5.0,1.6333333333333605E-4,0.0
2,8,0.05,0.9,Symmetric,4.89693382987269,0.0019179528854968266,0.3453315741274948
2,8,0.05,0.9,Asymmetric,5.0,0.004347164956468002,0.0
2,8,0.1,0.0,Uniform,4.017072042366212,0.11669393885679959,0.5405057943562547
2,8,0.1,0.0,Symmetric,3.604600475413465,0.054021445695306244,1.109988771788286
2,8,0.1,0.0,Asymmetric,5.0,0.12665650632896877,0.0
2,8,0.1,0.3,Uniform,4.15248618721184,0.07113271299749253,0.5829540395530962
2,8,0.1,0.3,Symmetric,4.039914440013382,0.042432166512139796,1.1236164988797623
2,8,0.1,0.3,Asymmetric,4.99443665302396,0.11966143589160728,0.029959540345249096
2,8,0.1,0.6,Uniform,4.8773448184266615,0.03334980544072164,0.3598776245124965
2,8,0.1,0.6,Symmetric,4.850301098130791,0.015040804716128805,0.4805523534637002
2,8,0.1,0.6,Asymmetric,5.0,0.05245999418786687,0.0
2,8,0.1,0.9,Uniform,5.0,0.005811360987922371,0.0
2,8,0.1,0.9,Symmetric,4.956013125752378,3.6472995430155845E-4,0.16482049647259536
2,8,0.1,0.9,Asymmetric,5.0,0.007877697007915704,0.0
2,12,0.0,0.0,Uniform,4.058209357116146,0.0013154508418947249,0.25561021558035696
2,12,0.0,0.0,Symmetric,3.1591475841078482,0.0012948800213581863,0.6005682500876033
2,12,0.0,0.0,Asymmetric,4.923699697774307,0.0015449252448329225,0.35801112618526165
2,12,0.0,0.3,Uniform,4.07186187323985,0.0011945617149062,0.49853417717553933
2,12,0.0,0.3,Symmetric,3.4268789133057345,0.0010389994005823918,0.926255099306428
2,12,0.0,0.3,Asymmetric,5.0,0.0013659693376112795,0.0
2,12,0.0,0.6,Uniform,4.312837352874354,8.926879180577638E-4,0.883225167251373
2,12,0.0,0.6,Symmetric,4.308816101862287,7.899943268649195E-4,0.8410033306397419
2,12,0.0,0.6,Asymmetric,4.948484667293363,9.068106088298586E-4,0.19870209790533572
2,12,0.0,0.9,Uniform,5.0,2.763783691746749E-4,0.0
2,12,0.0,0.9,Symmetric,4.744847927499687,2.2145855310280767E-4,0.7767945246970736
2,12,0.0,0.9,Asymmetric,5.0,2.819710750827199E-4,0.0
2,12,0.05,0.0,Uniform,4.09466168427882,0.05133313757989579,0.32058619338091066
2,12,0.05,0.0,Symmetric,3.27699517873639,0.03327065861435907,0.7751041164040111
2,12,0.05,0.0,Asymmetric,4.999413837678363,0.10622354484054627,0.003156580705750916
2,12,0.05,0.3,Uniform,4.217128007932817,0.033790737130807595,0.4327323048621915
2,12,0.05,0.3,Symmetric,4.070130552355959,0.025378658546958192,1.021757958775395
2,12,0.05,0.3,Asymmetric,4.994918984751864,0.08219244608949652,0.027362104498775273
2,12,0.05,0.6,Uniform,4.530397212540754,0.01316005527935398,0.6554464273080066
2,12,0.05,0.6,Symmetric,4.442965471699294,0.007599778651954255,0.7938819565520674
2,12,0.05,0.6,Asymmetric,4.989950980976661,0.025224085306216778,0.05411562359070936
2,12,0.05,0.9,Uniform,4.929935484217437,3.949337217106777E-4,0.37730896462117464
2,12,0.05,0.9,Symmetric,4.909767052727132,0.002345226769237895,0.35664550970249714
2,12,0.05,0.9,Asymmetric,5.0,0.005368688654321235,0.0
2,12,0.1,0.0,Uniform,4.396636196039748,0.23394193192610477,0.5333684863032461
2,12,0.1,0.0,Symmetric,3.9493897990349387,0.08567558932770782,0.9566809719348771
2,12,0.1,0.0,Asymmetric,5.0,0.12048562586703035,0.0
2,12,0.1,0.3,Uniform,4.182134541159694,0.1082356258674393,0.646942611220263
2,12,0.1,0.3,Symmetric,4.311240480033725,0.06960235732495884,0.9816620403057397
2,12,0.1,0.3,Asymmetric,5.0,0.10185237810891631,0.0
2,12,0.1,0.6,Uniform,4.2142480072567094,0.039406153741044246,0.9513444468925182
2,12,0.1,0.6,Symmetric,4.6104801408345875,0.01837280864498695,0.7496566847840194
2,12,0.1,0.6,Asymmetric,4.99651326101574,0.07308500875755043,0.018776664069698235
2,12,0.1,0.9,Uniform,4.966363409530569,0.01318382124027745,0.18113858322797982
2,12,0.1,0.9,Symmetric,4.947018543283311,0.002770079390977393,0.15937265722968072
2,12,0.1,0.9,Asymmetric,5.0,0.01592392522223523,0.0
2,20,0.0,0.0,Uniform,4.089681791684068,0.0015482413774044715,0.1657525971331938
2,20,0.0,0.0,Symmetric,3.1048769312611215,0.0015750418126427286,0.742705014522945
2,20,0.0,0.0,Asymmetric,4.983736812915781,0.0017721407565101383,0.03783722099730453
2,20,0.0,0.3,Uniform,3.9740285328233256,0.0014149621632491393,0.3785752986712147
2,20,0.0,0.3,Symmetric,3.187082963760776,0.0012979547491421821,0.7881593015820052
2,20,0.0,0.3,Asymmetric,4.953668452374654,0.0016099809869751644,0.16401066834869715
2,20,0.0,0.6,Uniform,4.181153749267921,0.0010852572078794353,0.7714642521909998
2,20,0.0,0.6,Symmetric,3.949246625572181,7.609468398254816E-4,0.7643416150693759
2,20,0.0,0.6,Asymmetric,4.994028567914771,0.0010828437878023334,0.03215714591356382
2,20,0.0,0.9,Uniform,4.958340257618592,3.531607426906308E-4,0.22434457854664508
2,20,0.0,0.9,Symmetric,4.9165961941158125,3.5132676622526873E-4,0.3279863206570277
2,20,0.0,0.9,Asymmetric,5.0,3.571091362165956E-4,0.0
2,20,0.05,0.0,Uniform,4.188304799682758,0.11885109912847204,0.28852243983384807
2,20,0.05,0.0,Symmetric,3.3184582327775467,0.04539152902273388,0.84923595364861
2,20,0.05,0.0,Asymmetric,5.0,0.10030039715054036,0.0
2,20,0.05,0.3,Uniform,4.0904938063047,0.050356117555690784,0.3667018573212907
2,20,0.05,0.3,Symmetric,3.454663481662451,0.040850870578501196,1.0158882977097652
2,20,0.05,0.3,Asymmetric,4.949917903768568,0.09558125888465677,0.15865492365140318
2,20,0.05,0.6,Uniform,4.294177433199665,0.02466998867446679,0.7143403605414861
2,20,0.05,0.6,Symmetric,3.87691540728813,0.015876574784708043,1.0568692080468471
2,20,0.05,0.6,Asymmetric,4.899060938941971,0.04619942081792232,0.4389903393233266
2,20,0.05,0.9,Uniform,4.829581842070314,0.0030990781528653097,0.4497132474651214
2,20,0.05,0.9,Symmetric,4.811648617052355,0.008218457227417302,0.48937712890764007
2,20,0.05,0.9,Asymmetric,5.0,0.007754342508085801,0.0
2,20,0.1,0.0,Uniform,4.965459168476258,0.4690405015238108,0.13146758020681001
2,20,0.1,0.0,Symmetric,3.6675862878013024,0.11648267313085413,1.1153201580468075
2,20,0.1,0.0,Asymmetric,4.999916864284287,0.1367124739334659,4.47699530479191E-4
2,20,0.1,0.3,Uniform,4.153987644384267,0.1770140076492913,0.6057292835642022
2,20,0.1,0.3,Symmetric,3.9925274847624705,0.08819181939772022,0.9732318037395369
2,20,0.1,0.3,Asymmetric,4.975351225660157,0.1265892048375795,0.08591611081701218
2,20,0.1,0.6,Uniform,4.393541448031287,0.07391218311984667,0.6601199874055037
2,20,0.1,0.6,Symmetric,4.215408337072646,0.03450506049168505,0.9887386090636935
2,20,0.1,0.6,Asymmetric,4.943170445970899,0.08114989571875601,0.3060365143626594
2,20,0.1,0.9,Uniform,4.927393597610381,0.010358349732188956,0.3909974429212227
2,20,0.1,0.9,Symmetric,4.8947658288754115,0.012445003885451028,0.441113033730353
2,20,0.1,0.9,Asymmetric,5.0,0.02302254207236475,0.0
3,5,0.0,0.0,Uniform,3.5313829704024555,9.301343936902682E-4,0.9015594763200543
3,5,0.0,0.0,Symmetric,3.305649083464853,8.530944704579913E-4,1.0201996182198272
3,5,0.0,0.0,Asymmetric,4.9332732220686335,0.0010240786079538865,0.22111795095100892
3,5,0.0,0.3,Uniform,4.220198029104877,8.58399193425026E-4,1.07812324756292
3,5,0.0,0.3,Symmetric,3.761613490929768,8.666414357176296E-4,0.9744033987735657
3,5,0.0,0.3,Asymmetric,4.961237939709792,9.530615065274467E-4,0.17772026623473183
3,5,0.0,0.6,Uniform,4.7036586578067405,7.690994748480723E-4,0.6154937189431294
3,5,0.0,0.6,Symmetric,4.475628668441526,4.2337725894437E-4,0.952004917068208
3,5,0.0,0.6,Asymmetric,5.0,6.737426855921428E-4,0.0
3,5,0.0,0.9,Uniform,4.96850371620757,2.005927337957299E-4,0.16961267903451296
3,5,0.0,0.9,Symmetric,5.0,1.6357022603954858E-4,0.0
3,5,0.0,0.9,Asymmetric,5.0,2.1902368927062438E-4,0.0
3,5,0.05,0.0,Uniform,3.515791258510431,0.005128359431827609,0.7931564771689564
3,5,0.05,0.0,Symmetric,4.134285195128956,0.012865983036687968,1.004546345199106
3,5,0.05,0.0,Asymmetric,5.0,0.061899780317120685,0.0
3,5,0.05,0.3,Uniform,3.5622987277335705,0.01123093868028206,1.282571667960525
3,5,0.05,0.3,Symmetric,4.403028711460437,0.01046535220151291,0.8844403154015014
3,5,0.05,0.3,Asymmetric,4.9071983399943555,0.03643918737815422,0.3889153724438519
3,5,0.05,0.6,Uniform,4.6757576685505935,0.009088383623386173,0.865452893828704
3,5,0.05,0.6,Symmetric,4.662397416759803,0.004666507760136018,0.8484955538311599
3,5,0.05,0.6,Asymmetric,5.0,0.01818172817735069,0.0
3,5,0.05,0.9,Uniform,5.0,0.003514369326928815,0.0
3,5,0.05,0.9,Symmetric,5.0,6.013022361170257E-4,0.0
3,5,0.05,0.9,Asymmetric,5.0,0.0019000000000000002,0.0
3,5,0.1,0.0,Uniform,3.7006416133021154,0.041280393626024224,0.863013672835469
3,5,0.1,0.0,Symmetric,4.079105780896881,0.029261438233132465,1.1407417532224458
3,5,0.1,0.0,Asymmetric,4.9467658099599685,0.0997213160306438,0.28667488673988645
3,5,0.1,0.3,Uniform,3.9855316941782366,0.05236972163546526,1.0185792947292953
3,5,0.1,0.3,Symmetric,4.562267279303053,0.0270334322475405,0.6989426188225981
3,5,0.1,0.3,Asymmetric,4.9285654929493194,0.08928938936587576,0.22862811585251014
3,5,0.1,0.6,Uniform,4.883694863137334,0.02661495637754658,0.435013686434768
3,5,0.1,0.6,Symmetric,4.549809522121425,0.009631269479583947,0.818975548372183
3,5,0.1,0.6,Asymmetric,5.0,0.039469817953068774,0.0
3,5,0.1,0.9,Uniform,5.0,0.0048958611017138635,0.0
3,5,0.1,0.9,Symmetric,5.0,5.311185159264448E-4,0.0
3,5,0.1,0.9,Asymmetric,5.0,0.005664217555434591,0.0
3,8,0.0,0.0,Uniform,3.751951509399449,0.0010963305910216177,0.5354816816264028
3,8,0.0,0.0,Symmetric,3.0581962596833208,0.0011453595486810508,0.8375451152073898
3,8,0.0,0.0,Asymmetric,4.889690046607968,0.0012341314930576558,0.583604385190434
3,8,0.0,0.3,Uniform,3.4335648862537833,0.0011732310715223335,0.9614001189691279
3,8,0.0,0.3,Symmetric,3.018721495128271,9.720131876385956E-4,1.1669103187632888
3,8,0.0,0.3,Asymmetric,4.949040909416632,0.0012655297154432785,0.15833722219935817
3,8,0.0,0.6,Uniform,4.719562120330723,7.734669962600071E-4,0.8273895725222032
3,8,0.0,0.6,Symmetric,4.38553959425906,6.645860021709909E-4,0.7901406267646233
3,8,0.0,0.6,Asymmetric,4.924671153569847,7.86302884393278E-4,0.3096003797735784
3,8,0.0,0.9,Uniform,5.0,2.2630819851019677E-4,0.0
3,8,0.0,0.9,Symmetric,4.738147297022314,1.9828427124746268E-4,0.6909986712895563
3,8,0.0,0.9,Asymmetric,5.0,2.1320593886581477E-4,0.0
3,8,0.05,0.0,Uniform,3.6281278907404753,0.021419832050423703,0.42646450522601637
3,8,0.05,0.0,Symmetric,3.831505839320234,0.02674071273614627,1.2813720395185468
3,8,0.05,0.0,Asymmetric,4.979429697657027,0.09914551473094207,0.11077446824949265
3,8,0.05,0.3,Uniform,3.8042519354264788,0.02730498457631945,0.7906927413762822
3,8,0.05,0.3,Symmetric,3.7664428909909318,0.022538557742715883,1.1086631775227291
3,8,0.05,0.3,Asymmetric,5.0,0.0711688073965968,0.0
3,8,0.05,0.6,Uniform,4.288223299187041,0.015263072075028555,0.9040599107517274
3,8,0.05,0.6,Symmetric,4.502120864166323,0.004945684398516593,0.8327444740567929
3,8,0.05,0.6,Asymmetric,5.0,0.01608525217615585,0.0
3,8,0.05,0.9,Uniform,5.0,0.002976335545937606,0.0
3,8,0.05,0.9,Symmetric,4.988516934548417,9.439947732873481E-4,0.06183819994788471
3,8,0.05,0.9,Asymmetric,5.0,0.0038994430970991922,0.0
3,8,0.1,0.0,Uniform,3.6217596207920315,0.12661130877917723,0.5198888464291738
3,8,0.1,0.0,Symmetric,4.170492186025361,0.05975357120278635,1.1980498272783033
3,8,0.1,0.0,Asymmetric,5.0,0.12777991449820517,0.0
3,8,0.1,0.3,Uniform,3.8051476274605798,0.09938949775880612,0.8712337115990227
3,8,0.1,0.3,Symmetric,4.081630764736867,0.03945456009306016,1.090727482225757
3,8,0.1,0.3,Asymmetric,5.0,0.1013592962371665,0.0
3,8,0.1,0.6,Uniform,4.781413761279606,0.04438165794507323,0.6319286913211886
3,8,0.1,0.6,Symmetric,4.779602813205177,0.019900738113156322,0.6820851214582464
3,8,0.1,0.6,Asymmetric,5.0,0.057538624522217724,0.0
3,8,0.1,0.9,Uniform,5.0,0.009890662198483672,0.0
3,8,0.1,0.9,Symmetric,4.969411297267686,0.0020409812947232596,0.1647252054499558
3,8,0.1,0.9,Asymmetric,4.956780625423795,0.014511263462015095,0.23274345495414336
3,12,0.0,0.0,Uniform,3.7520602278586375,0.0013011358491069288,0.3101293623650641
3,12,0.0,0.0,Symmetric,2.4836987067067837,0.0013160037361358787,0.832143743559987
3,12,0.0,0.0,Asymmetric,4.848885564934948,0.0015864870611639154,0.41343318989811495
3,12,0.0,0.3,Uniform,3.749339364319138,0.001358421972196694,0.540107500977299
3,12,0.0,0.3,Symmetric,3.295709523936847,0.001111587725172086,0.7954149957459994
3,12,0.0,0.3,Asymmetric,4.970757768712875,0.0013148550390081636,0.12166815885546794
3,12,0.0,0.6,Uniform,4.123201327020245,9.746065514416292E-4,1.0136633551522372
3,12,0.0,0.6,Symmetric,4.002286247763075,7.783798633696895E-4,0.9841065866321962
3,12,0.0,0.6,Asymmetric,4.968223255546942,9.986861458323342E-4,0.17112300591391738
3,12,0.0,0.9,Uniform,5.0,3.2931082822677235E-4,0.0
3,12,0.0,0.9,Symmetric,4.938778807122902,2.4345590876235777E-4,0.24484072173467783
3,12,0.0,0.9,Asymmetric,5.0,3.0590495439037014E-4,0.0
3,12,0.05,0.0,Uniform,3.665026462453617,0.04461481121938828,0.3524712382347325
3,12,0.05,0.0,Symmetric,2.744371876108076,0.03037510887630527,1.1023500719656663
3,12,0.05,0.0,Asymmetric,4.945469456825657,0.11905293770486734,0.20431024533796144
3,12,0.05,0.3,Uniform,3.4513922364028167,0.04428621851875538,0.7895086677325737
3,12,0.05,0.3,Symmetric,3.4693316956580134,0.0256726237399159,1.1681712585482769
3,12,0.05,0.3,Asymmetric,4.996065110336759,0.08701049865786481,0.021190029334443194
3,12,0.05,0.6,Uniform,4.228473859435945,0.021648948623559795,0.8964292123176604
3,12,0.05,0.6,Symmetric,4.324826012556414,0.012868575658621638,1.0192430117232332
3,12,0.05,0.6,Asymmetric,5.0,0.03425444690049962,0.0
3,12,0.05,0.9,Uniform,4.962579040798361,0.004494817819862224,0.20151803254188147
3,12,0.05,0.9,Symmetric,4.758876062869495,5.676555379776041E-4,0.745449820260908
3,12,0.05,0.9,Asymmetric,4.986458281454628,0.007268961766243796,0.07292438613865618
3,12,0.1,0.0,Uniform,4.172056890771942,0.24901586780194182,0.608187373900024
3,12,0.1,0.0,Symmetric,3.7585005911951828,0.07337628978090402,1.3009943085833209
3,12,0.1,0.0,Asymmetric,4.946941218856647,0.12168123507149765,0.20815126966415787
3,12,0.1,0.3,Uniform,4.126457699137066,0.15147977866162848,0.6544054188682581
3,12,0.1,0.3,Symmetric,4.181924656820271,0.05669481418856302,0.9922867890853048
3,12,0.1,0.3,Asymmetric,4.949888231911422,0.11784335375469794,0.1937097990572264
3,12,0.1,0.6,Uniform,4.293353116396632,0.044163212777955166,0.9662980461360199
3,12,0.1,0.6,Symmetric,4.458083966334006,0.030144728679876453,0.8981528352153112
3,12,0.1,0.6,Asymmetric,5.0,0.07862786436546607,0.0
3,12,0.1,0.9,Uniform,5.0,0.007432078942873928,0.0
3,12,0.1,0.9,Symmetric,4.951211774275389,0.005288542814438221,0.1827347063581472
3,12,0.1,0.9,Asymmetric,5.0,0.020155497494184802,0.0
3,20,0.0,0.0,Uniform,3.692103134569345,0.0015922530070277094,0.20196361809057434
3,20,0.0,0.0,Symmetric,2.49464450812125,0.0015052125371254256,0.8217782268262872
3,20,0.0,0.0,Asymmetric,4.834820711413932,0.0017071981363210832,0.48769682525555297
3,20,0.0,0.3,Uniform,3.5989968916309683,0.001616889033257692,0.4137916059557783
3,20,0.0,0.3,Symmetric,2.6547906366242624,0.001317474243421425,0.709611675069839
3,20,0.0,0.3,Asymmetric,4.9615325365688125,0.0018675145060647693,0.1483549191702986
3,20,0.0,0.6,Uniform,3.7361453179784916,0.0010483647619800153,0.9979107535254114
3,20,0.0,0.6,Symmetric,3.7518308758181345,9.944417986737417E-4,1.0242231950716398
3,20,0.0,0.6,Asymmetric,4.937451798134999,0.0012389017374565888,0.17014917463756243
3,20,0.0,0.9,Uniform,4.798870527789803,5.134832417190373E-4,0.7042986957279582
3,20,0.0,0.9,Symmetric,4.874523393433596,3.6576165698475044E-4,0.41432607003222016
3,20,0.0,0.9,Asymmetric,5.0,4.711887394561378E-4,0.0
3,20,0.05,0.0,Uniform,3.8576280002161307,0.12208948493521787,0.33095880368473046
3,20,0.05,0.0,Symmetric,2.846163597557427,0.03858778053142862,1.0996339147088054
3,20,0.05,0.0,Asymmetric,4.9637113161878155,0.12261264948815445,0.18741229645424126
3,20,0.05,0.3,Uniform,3.670413073710628,0.0741884840097819,0.4497154543983253
3,20,0.05,0.3,Symmetric,3.280218111828266,0.033504231097758574,1.2723464524581434
3,20,0.05,0.3,Asymmetric,4.997028368169305,0.11015158812488571,0.014404028189210317
3,20,0.05,0.6,Uniform,3.9940999775857033,0.026573259347700766,0.8859398365956125
3,20,0.05,0.6,Symmetric,4.011587073724454,0.017435992036308256,1.099514632430447
3,20,0.05,0.6,Asymmetric,4.968564853180835,0.06481160142161739,0.11768284566106349
3,20,0.05,0.9,Uniform,4.9124202931559955,0.008448189331554227,0.471631155115485
3,20,0.05,0.9,Symmetric,4.579482027197931,0.0016488027844211797,0.9495190609108733
3,20,0.05,0.9,Asymmetric,5.0,0.00768133154162124,0.0
3,20,0.1,0.0,Uniform,4.965045860879757,0.3943648882198472,0.18823379985401711
3,20,0.1,0.0,Symmetric,2.9982226706820034,0.09475342093623997,1.342304967048754
3,20,0.1,0.0,Asymmetric,4.992151497447474,0.15130206341290006,0.03699131000285184
3,20,0.1,0.3,Uniform,3.9201782051763447,0.213556743879029,0.7303492072800941
3,20,0.1,0.3,Symmetric,3.463459161830903,0.07576016929357217,1.4076181915613826
3,20,0.1,0.3,Asymmetric,4.984209987909501,0.13277851791838693,0.06810301394675165
3,20,0.1,0.6,Uniform,3.8967403195314745,0.08644634706223454,0.8323003705741463
3,20,0.1,0.6,Symmetric,4.212846111768213,0.03281674880639576,1.0876489619647363
3,20,0.1,0.6,Asymmetric,5.0,0.0971184984128904,0.0
3,20,0.1,0.9,Uniform,4.794678989131392,0.014592538246671255,0.6794977850107472
3,20,0.1,0.9,Symmetric,4.90997472366527,0.007717362972380931,0.4636286267879745
3,20,0.1,0.9,Asymmetric,5.0,0.025347731174057534,0.0
5,5,0.0,0.0,Uniform,2.876988533357862,8.957118297386656E-4,0.6513063626732428
5,5,0.0,0.0,Symmetric,2.928504086957318,8.343757896611624E-4,1.1378353853387817
5,5,0.0,0.0,Asymmetric,4.8399589316225935,9.9175154604892E-4,0.5524715802162231
5,5,0.0,0.3,Uniform,2.769713614010711,9.61718926843871E-4,1.3323565519040472
5,5,0.0,0.3,Symmetric,3.407859388606964,7.055181333227469E-4,1.256562127583775
5,5,0.0,0.3,Asymmetric,5.0,9.924738058647087E-4,0.0
5,5,0.0,0.6,Uniform,4.637108201826434,8.82505293671802E-4,0.9582395943121158
5,5,0.0,0.6,Symmetric,4.44126667904989,5.522569616463974E-4,1.1034481973793768
5,5,0.0,0.6,Asymmetric,5.0,7.938284579152831E-4,0.0
5,5,0.0,0.9,Uniform,5.0,2.868221400031892E-4,0.0
5,5,0.0,0.9,Symmetric,5.0,9.66666666666682E-5,0.0
5,5,0.0,0.9,Asymmetric,5.0,2.3014335338009874E-4,0.0
5,5,0.05,0.0,Uniform,3.005049787271412,0.00969996416879092,0.9055699239846287
5,5,0.05,0.0,Symmetric,3.4930340201384165,0.014376735097715114,1.2625409667532073
5,5,0.05,0.0,Asymmetric,4.871282009799423,0.06397597703355486,0.4870886289011442
5,5,0.05,0.3,Uniform,3.755354481127797,0.015158115403422934,1.2908808458178738
5,5,0.05,0.3,Symmetric,3.5815479042221385,0.009836544124872733,1.4139223266999559
5,5,0.05,0.3,Asymmetric,4.825372962203474,0.04107283943837023,0.7252682091382949
5,5,0.05,0.6,Uniform,4.5532038865814455,0.012001101345409462,0.8799662647842531
5,5,0.05,0.6,Symmetric,4.802174603490366,0.006216305171368989,0.7422993711105846
5,5,0.05,0.6,Asymmetric,4.888307302990151,0.016915482830053966,0.6014835811513752
5,5,0.05,0.9,Uniform,5.0,0.002822953763756601,0.0
5,5,0.05,0.9,Symmetric,5.0,1.247834294751476E-4,0.0
5,5,0.05,0.9,Asymmetric,5.0,0.005819133197367048,0.0
5,5,0.1,0.0,Uniform,3.3078295727786022,0.04446809748967592,0.8142504230223112
5,5,0.1,0.0,Symmetric,3.8808370789124225,0.03779800828840471,1.4228623557115736
5,5,0.1,0.0,Asymmetric,4.834205238541261,0.11048530811689611,0.6217443495388497
5,5,0.1,0.3,Uniform,3.2701581958799437,0.05274076399686166,1.4418679383496982
5,5,0.1,0.3,Symmetric,4.378369271745205,0.02144433225192397,1.166712149090173
5,5,0.1,0.3,Asymmetric,5.0,0.08174305519580066,0.0
5,5,0.1,0.6,Uniform,4.7157254310670185,0.03912949090353164,0.8725777583529292
5,5,0.1,0.6,Symmetric,4.352699928910156,0.006632229979265534,1.1934928545452637
5,5,0.1,0.6,Asymmetric,5.0,0.03418054310155103,0.0
5,5,0.1,0.9,Uniform,5.0,0.003313402717600571,0.0
5,5,0.1,0.9,Symmetric,5.0,0.0034471561674876286,0.0
5,5,0.1,0.9,Asymmetric,5.0,0.007430546299799461,0.0
5,8,0.0,0.0,Uniform,2.8862804837178673,0.0011215524438630562,0.6600230766775782
5,8,0.0,0.0,Symmetric,2.2526344345992055,0.0011376246951018724,0.9394423899106319
5,8,0.0,0.0,Asymmetric,4.929587044241911,0.0013053012464203158,0.26357710997094413
5,8,0.0,0.3,Uniform,3.10493880771992,0.0012418941770470989,1.0014446015370373
5,8,0.0,0.3,Symmetric,2.451010035518636,9.996262482718668E-4,1.1459386327279235
5,8,0.0,0.3,Asymmetric,4.923668776820031,0.0012360440898242858,0.29035846388228004
5,8,0.0,0.6,Uniform,4.219065346709337,0.001025487800573322,1.170508440351117
5,8,0.0,0.6,Symmetric,3.959252531465118,6.040941070370864E-4,1.361069254178967
5,8,0.0,0.6,Asymmetric,4.846114130257543,9.314573361358942E-4,0.6375657278533892
5,8,0.0,0.9,Uniform,5.0,3.4377519014590693E-4,0.0
5,8,0.0,0.9,Symmetric,5.0,1.8811676280848077E-4,0.0
5,8,0.0,0.9,Asymmetric,5.0,2.0756447234053648E-4,0.0
5,8,0.05,0.0,Uniform,2.8363037861686338,0.01715285354097444,0.560479895500426
5,8,0.05,0.0,Symmetric,3.633411052247434,0.028589165990118015,1.349313230351964
5,8,0.05,0.0,Asymmetric,5.0,0.10210408080876913,0.0
5,8,0.05,0.3,Uniform,2.753618961573511,0.037074268644642444,1.0135031499928007
5,8,0.05,0.3,Symmetric,3.562326812256966,0.01787572357462906,1.3882847732428087
5,8,0.05,0.3,Asymmetric,4.822311529019388,0.05957814778561132,0.6781755657480926
5,8,0.05,0.6,Uniform,4.267423760466695,0.021868156131284806,1.1765095250192863
5,8,0.05,0.6,Symmetric,4.309976566045765,0.0073422000912028405,1.1346176032426085
5,8,0.05,0.6,Asymmetric,5.0,0.024800492639823982,0.0
5,8,0.05,0.9,Uniform,5.0,0.002664174912907207,0.0
5,8,0.05,0.9,Symmetric,4.819266776268682,0.0016985840861469615,0.5501907595556899
5,8,0.05,0.9,Asymmetric,5.0,0.0023130983269090796,0.0
5,8,0.1,0.0,Uniform,2.91858490354885,0.12343040198131883,0.6794788422897771
5,8,0.1,0.0,Symmetric,3.7205097948246313,0.04073869005331694,1.5788080122891348
5,8,0.1,0.0,Asymmetric,4.910131907542458,0.11806249738258075,0.36628978200714657
5,8,0.1,0.3,Uniform,3.155005633886786,0.10428034782753431,1.2757996999068095
5,8,0.1,0.3,Symmetric,4.0429964460746675,0.0390076181556097,1.4314923230027068
5,8,0.1,0.3,Asymmetric,4.962951806504856,0.10482617171803967,0.1995106277779629
5,8,0.1,0.6,Uniform,4.161347196503561,0.04266756286820651,1.377834164594918
5,8,0.1,0.6,Symmetric,4.226942145839986,0.01674295154397436,1.2267678686964893
5,8,0.1,0.6,Asymmetric,4.916998667397807,0.050914573675382116,0.446975855274594
5,8,0.1,0.9,Uniform,4.991520018140856,0.0073510154795956495,0.04566609987300079
5,8,0.1,0.9,Symmetric,5.0,5.805060859591793E-4,0.0
5,8,0.1,0.9,Asymmetric,5.0,0.008699492743265569,0.0
5,12,0.0,0.0,Uniform,3.0348515540541454,0.001317594820211137,0.4869871517930755
5,12,0.0,0.0,Symmetric,2.425008092541866,0.0011775480195969623,0.992459253646527
5,12,0.0,0.0,Asymmetric,4.860221811438515,0.0014770579141598122,0.555863363779187
5,12,0.0,0.3,Uniform,2.9927371168902672,0.0013548629927336458,0.8328290020529702
5,12,0.0,0.3,Symmetric,2.4301354421473738,0.0011272786406729724,1.1649456830058706
5,12,0.0,0.3,Asymmetric,4.84508984381184,0.001440603971903424,0.4070051314709351
5,12,0.0,0.6,Uniform,3.6401278259376015,0.0011265340494376064,1.2284043891168304
5,12,0.0,0.6,Symmetric,3.770284925811425,7.746962990879478E-4,1.1597289672598794
5,12,0.0,0.6,Asymmetric,4.810604866819727,0.001101357480053692,0.720001775366881
5,12,0.0,0.9,Uniform,4.948745215675154,3.092366621745456E-4,0.27601546074343175
5,12,0.0,0.9,Symmetric,4.855249525910009,2.4010287359311239E-4,0.6085297729334093
5,12,0.0,0.9,Asymmetric,5.0,2.8214261652181004E-4,0.0
5,12,0.05,0.0,Uniform,3.105540226709198,0.050529530705147076,0.4603996268360118
5,12,0.05,0.0,Symmetric,2.943491736159202,0.028149956108377554,1.494825869480975
5,12,0.05,0.0,Asymmetric,4.840205165352075,0.10218814806656319,0.4139118230210473
5,12,0.05,0.3,Uniform,2.7795633509051396,0.0562166625861726,0.6895951177167576
5,12,0.05,0.3,Symmetric,3.4533375545414717,0.02227164928214797,1.4809537992663955
5,12,0.05,0.3,Asymmetric,4.620435236220882,0.08820596740613441,0.8303089594546426
5,12,0.05,0.6,Uniform,3.683677254003491,0.025548084502006345,1.4399062867163381
5,12,0.05,0.6,Symmetric,4.092439348285931,0.013658285843479721,1.1614040637362248
5,12,0.05,0.6,Asymmetric,4.686392508896474,0.03547437613666757,0.8335145373164383
5,12,0.05,0.9,Uniform,4.950054797897278,0.0070698317581061425,0.2689631446488013
5,12,0.05,0.9,Symmetric,4.801110707081446,0.0017669159355536417,0.6088018986872608
5,12,0.05,0.9,Asymmetric,5.0,0.007393735177144941,0.0
5,12,0.1,0.0,Uniform,3.8017708375790233,0.26410466633540863,1.0081893522029852
5,12,0.1,0.0,Symmetric,3.3957259143299354,0.0629968121552009,1.5332299764916282
5,12,0.1,0.0,Asymmetric,4.886797836281846,0.13047866792014576,0.4483351628065678
5,12,0.1,0.3,Uniform,2.9094679975663533,0.15554271900498895,1.25553909962855
5,12,0.1,0.3,Symmetric,3.4020520161230765,0.05140540718153887,1.5188914836862766
5,12,0.1,0.3,Asymmetric,4.9014947031089955,0.12412912018854957,0.5304672581337738
5,12,0.1,0.6,Uniform,3.985194990917696,0.06218744221044344,1.271290273737062
5,12,0.1,0.6,Symmetric,4.416958768723026,0.020236832361738056,1.215398591084789
5,12,0.1,0.6,Asymmetric,4.887994336577469,0.07931664959325753,0.4637293660414469
5,12,0.1,0.9,Uniform,4.888866057286436,0.01732114164735233,0.4944137627669391
5,12,0.1,0.9,Symmetric,5.0,0.007145862088851918,0.0
5,12,0.1,0.9,Asymmetric,5.0,0.024638398585226737,0.0
5,20,0.0,0.0,Uniform,2.9894556970544173,0.0016579282698053067,0.2989675791129616
5,20,0.0,0.0,Symmetric,1.688621640481205,0.0014298666385670984,0.7606055509204962
5,20,0.0,0.0,Asymmetric,4.950685077774244,0.001859062243576819,0.20687883577137164
5,20,0.0,0.3,Uniform,2.7056403950339614,0.0016284537185003605,0.5227030818214258
5,20,0.0,0.3,Symmetric,1.9944837548597714,0.0012962892631743163,1.0079117944146758
5,20,0.0,0.3,Asymmetric,4.945096116724983,0.0019134311137128295,0.2956664599876455
5,20,0.0,0.6,Uniform,3.244213650832836,0.0013475863335857404,1.346565891985034
5,20,0.0,0.6,Symmetric,2.571355551992119,9.079986740842718E-4,1.2995326457271539
5,20,0.0,0.6,Asymmetric,4.463146274278453,0.0012516471973220964,1.1701949833521699
5,20,0.0,0.9,Uniform,4.806910612469225,5.019608588249635E-4,0.730028999204224
5,20,0.0,0.9,Symmetric,4.420954813290959,3.08569281033291E-4,1.3081176475552379
5,20,0.0,0.9,Asymmetric,5.0,5.593083768895148E-4,0.0
5,20,0.05,0.0,Uniform,3.209788511064735,0.12388439524043353,0.3934381319018796
5,20,0.05,0.0,Symmetric,3.2441629425756795,0.03667809898326338,1.7368685092574188
5,20,0.05,0.0,Asymmetric,4.912685492105056,0.1257185938343135,0.47020301506812
5,20,0.05,0.3,Uniform,2.8165947177055433,0.08301892492989722,0.5784596845170497
5,20,0.05,0.3,Symmetric,3.4637758130525156,0.034443479706655934,1.3869800334303475
5,20,0.05,0.3,Asymmetric,4.797129246250852,0.09965183596510109,0.5585282140329657
5,20,0.05,0.6,Uniform,3.218800102891939,0.03211189095820145,1.4439756283277791
5,20,0.05,0.6,Symmetric,3.3628297930823887,0.016814036934235367,1.3601002108798164
5,20,0.05,0.6,Asymmetric,4.911108214656433,0.055706365104799316,0.41928159938788107
5,20,0.05,0.9,Uniform,4.681064358404523,0.010468098689176414,0.9352771891257097
5,20,0.05,0.9,Symmetric,4.606228014791407,0.006545868069259515,0.9133774621446138
5,20,0.05,0.9,Asymmetric,5.0,0.005378495500720173,0.0
5,20,0.1,0.0,Uniform,4.927993020291607,0.403145421554367,0.3877694529936863
5,20,0.1,0.0,Symmetric,3.762456216879018,0.0796754109361207,1.3893774586263887
5,20,0.1,0.0,Asymmetric,4.933982067898699,0.14675158177306258,0.3555174445917205
5,20,0.1,0.3,Uniform,3.4644894773278656,0.2608331797031978,1.197700518819103
5,20,0.1,0.3,Symmetric,3.487424290556197,0.05315178847603385,1.5419606439395004
5,20,0.1,0.3,Asymmetric,4.9266020085003275,0.13568244516471412,0.27674777641111986
5,20,0.1,0.6,Uniform,4.018341763206721,0.1061263385270801,1.2494784318264984
5,20,0.1,0.6,Symmetric,3.9907772307479266,0.04509861128734159,1.353849945121703
5,20,0.1,0.6,Asymmetric,4.985681341171584,0.10526609399693232,0.07710833760815225
5,20,0.1,0.9,Uniform,4.896108022202479,0.02679981084537636,0.3902249390373107
5,20,0.1,0.9,Symmetric,4.789104718378352,0.00525256341358278,0.6887550733636724
5,20,0.1,0.9,Asymmetric,5.0,0.021657545476429767,0.0
8,5,0.0,0.0,Uniform,1.7848565829684413,9.014975902224745E-4,0.6964134072033109
8,5,0.0,0.0,Symmetric,2.0375187721265258,9.023297077424586E-4,1.3523744374042241
8,5,0.0,0.0,Asymmetric,4.890043779218027,0.0010010277779465054,0.5921323704805906
8,5,0.0,0.3,Uniform,2.2637927733927565,9.59602213921501E-4,1.5719918438105274
8,5,0.0,0.3,Symmetric,2.7642573018208285,8.2675000612422E-4,1.6912299867824068
8,5,0.0,0.3,Asymmetric,4.934078033792512,0.0010921102286485182,0.3550006524376763
8,5,0.0,0.6,Uniform,4.030907302423149,8.627026656501891E-4,1.6730074525783667
8,5,0.0,0.6,Symmetric,4.23523229014973,5.513349293086897E-4,1.501987029209885
8,5,0.0,0.6,Asymmetric,5.0,7.84309923272251E-4,0.0
8,5,0.0,0.9,Uniform,5.0,3.2240378699028465E-4,0.0
8,5,0.0,0.9,Symmetric,4.6423317838476725,1.2235702260395578E-4,1.0853148403306805
8,5,0.0,0.9,Asymmetric,5.0,1.710535527008804E-4,0.0
8,5,0.05,0.0,Uniform,1.9968243929335077,0.0053066364608840896,1.147522731319921
8,5,0.05,0.0,Symmetric,2.88236085806426,0.019502599133099895,1.683257025524438
8,5,0.05,0.0,Asymmetric,4.866548908764836,0.06592658831414543,0.7186561199933043
8,5,0.05,0.3,Uniform,2.5565328885949574,0.01914220404438547,1.6420377540323863
8,5,0.05,0.3,Symmetric,4.09910390817643,0.017689892941578335,1.429262612204485
8,5,0.05,0.3,Asymmetric,5.0,0.04491243501172655,0.0
8,5,0.05,0.6,Uniform,4.763712697844697,0.017283497055515733,0.8862561785705327
8,5,0.05,0.6,Symmetric,4.140921526905553,0.003250718372405545,1.6051867139144238
8,5,0.05,0.6,Asymmetric,5.0,0.013620738788422876,0.0
8,5,0.05,0.9,Uniform,4.8980069569193985,0.004600027459322447,0.5492493461702086
8,5,0.05,0.9,Symmetric,5.0,0.0014739511759062408,0.0
8,5,0.05,0.9,Asymmetric,5.0,0.0038351778825317416,0.0
8,5,0.1,0.0,Uniform,2.169636938023038,0.03626648633550556,1.3606710564617353
8,5,0.1,0.0,Symmetric,3.962989632602861,0.047514047831534886,1.6088347978232211
8,5,0.1,0.0,Asymmetric,4.798574751251141,0.10065450873242926,0.7711972466731248
8,5,0.1,0.3,Uniform,2.5429456599169566,0.04957772569874261,1.6840920617358655
8,5,0.1,0.3,Symmetric,4.466828971747832,0.03113505752197042,1.1575363734529016
8,5,0.1,0.3,Asymmetric,5.0,0.08598316535963571,0.0
8,5,0.1,0.6,Uniform,4.723835529313946,0.04191407620413621,0.8486809477420444
8,5,0.1,0.6,Symmetric,4.390261208898592,0.017103293824451363,1.370909129282415
8,5,0.1,0.6,Asymmetric,5.0,0.04530777760213814,0.0
8,5,0.1,0.9,Uniform,5.0,0.004928640909677375,0.0
8,5,0.1,0.9,Symmetric,4.850487506132714,0.0026099992355041795,0.6746245178568402
8,5,0.1,0.9,Asymmetric,5.0,0.0076268026843885565,0.0
8,8,0.0,0.0,Uniform,1.9363266395474008,0.001093335141457938,0.7247849232374851
8,8,0.0,0.0,Symmetric,1.7661099490735168,0.0010881692988123435,0.8943968355865679
8,8,0.0,0.0,Asymmetric,4.6660522698639495,0.001263674883821568,0.9106238438158093
8,8,0.0,0.3,Uniform,2.2578160646248846,0.001147938714823256,1.345832686379829
8,8,0.0,0.3,Symmetric,1.84862582251681,9.235945345326587E-4,1.2261494468691256
8,8,0.0,0.3,Asymmetric,4.626065713052862,0.0011922488471061738,1.0119044921788747
8,8,0.0,0.6,Uniform,4.341522363502338,0.0010436236858834347,1.3237236020526435
8,8,0.0,0.6,Symmetric,4.208032658533734,7.572668782838863E-4,1.4647979137105673
8,8,0.0,0.6,Asymmetric,4.928319023707418,0.0010468249997336969,0.3860138708718546
8,8,0.0,0.9,Uniform,5.0,3.764707660466045E-4,0.0
8,8,0.0,0.9,Symmetric,4.706041840593641,2.0239066401779254E-4,0.9238649870331737
8,8,0.0,0.9,Asymmetric,5.0,3.594349538349896E-4,0.0
8,8,0.05,0.0,Uniform,1.9294617162684693,0.02192952651987319,0.7877171609693251
8,8,0.05,0.0,Symmetric,3.0239561205444456,0.02281208318905292,1.8982550962131874
8,8,0.05,0.0,Asymmetric,4.541309727439319,0.09848031298028231,1.2224814039770922
8,8,0.05,0.3,Uniform,2.1394110452120154,0.039540912926765655,1.2619615526761192
8,8,0.05,0.3,Symmetric,3.3249878603252663,0.019339752684188513,1.7281761093487709
8,8,0.05,0.3,Asymmetric,4.823914704813202,0.06937222181700724,0.6640565095080057
8,8,0.05,0.6,Uniform,4.158292267344523,0.024983935465377884,1.4771339601604738
8,8,0.05,0.6,Symmetric,4.311723057500881,0.008524919680363422,1.3583981387564052
8,8,0.05,0.6,Asymmetric,4.484009362675987,0.022056460213215962,1.1909010809341467
8,8,0.05,0.9,Uniform,5.0,0.003605629016295735,0.0
8,8,0.05,0.9,Symmetric,4.747193332363177,0.0015272952553867162,0.963413263410884
8,8,0.05,0.9,Asymmetric,5.0,0.002748333309987737,0.0
8,8,0.1,0.0,Uniform,1.7873643425892707,0.10808573025328574,0.60873695154264
8,8,0.1,0.0,Symmetric,3.4303603384035957,0.04500991838926626,1.7369502887324852
8,8,0.1,0.0,Asymmetric,4.767914692943395,0.1332787633442564,0.8792170290008439
8,8,0.1,0.3,Uniform,2.640034907924627,0.11319046796737212,1.7554792216915602
8,8,0.1,0.3,Symmetric,3.131311103211493,0.038335511997560204,1.828262065268661
8,8,0.1,0.3,Asymmetric,4.924607902734834,0.11015256261625662,0.40599886892843084
8,8,0.1,0.6,Uniform,4.159447086109873,0.05807975149897257,1.4574899928668472
8,8,0.1,0.6,Symmetric,4.4252711950707715,0.0209705994393331,1.3434294805744302
8,8,0.1,0.6,Asymmetric,5.0,0.053637025536769106,0.0
8,8,0.1,0.9,Uniform,4.869316762167305,0.007216810406075418,0.7037507732590162
8,8,0.1,0.9,Symmetric,4.9017665279939475,0.003255108482612784,0.5290034363296228
8,8,0.1,0.9,Asymmetric,5.0,0.016635143764918803,0.0
8,12,0.0,0.0,Uniform,1.978770571553196,0.0013912662977804684,0.4949590519734822
8,12,0.0,0.0,Symmetric,1.4739683390204406,0.0013264068102873782,0.5895708858867055
8,12,0.0,0.0,Asymmetric,4.771213639392295,0.001430404688763489,0.8591510650928614
8,12,0.0,0.3,Uniform,1.8112734567223197,0.001386156792270366,0.7426692574007036
8,12,0.0,0.3,Symmetric,1.7195104833760841,0.0011859754335518176,1.1619588532222043
8,12,0.0,0.3,Asymmetric,4.787861831078487,0.0015055199775753922,0.7937596189997418
8,12,0.0,0.6,Uniform,3.8612876426872504,0.0011831075040597708,1.6500190865304105
8,12,0.0,0.6,Symmetric,2.762677114284654,6.826016924606969E-4,1.785649934806671
8,12,0.0,0.6,Asymmetric,4.814074853091361,0.0010762583628639794,0.7312882737498235
8,12,0.0,0.9,Uniform,4.911272698303121,5.486951865066379E-4,0.4778111425300349
8,12,0.0,0.9,Symmetric,4.802500260696039,2.4769578280454035E-4,0.5943676445474303
8,12,0.0,0.9,Asymmetric,5.0,3.985941436277248E-4,0.0
8,12,0.05,0.0,Uniform,2.0021005509894287,0.05382375765302274,0.5031505626273518
8,12,0.05,0.0,Symmetric,2.7341967882097427,0.028473871636795475,1.7639994152908518
8,12,0.05,0.0,Asymmetric,4.9521776117573415,0.10937646315650973,0.25753144215748275
8,12,0.05,0.3,Uniform,1.9094267793454442,0.05866364560342719,1.1511789084600008
8,12,0.05,0.3,Symmetric,3.2443739202779702,0.029704421752259933,1.8275985785703164
8,12,0.05,0.3,Asymmetric,4.905441268464795,0.08667998368555205,0.5092143532706672
8,12,0.05,0.6,Uniform,3.6440865772309725,0.029396315405749867,1.6272787314341344
8,12,0.05,0.6,Symmetric,4.0401218248442685,0.012752896218175354,1.4899816221838424
8,12,0.05,0.6,Asymmetric,4.910316427484655,0.04188065105835343,0.48296081848773553
8,12,0.05,0.9,Uniform,4.915146757254331,0.004948602175758861,0.4569486966052137
8,12,0.05,0.9,Symmetric,4.546341000443231,0.0014218529281456774,1.1713033130947552
8,12,0.05,0.9,Asymmetric,5.0,0.004058788242094801,0.0
8,12,0.1,0.0,Uniform,2.4927561345292277,0.2380575681752074,1.0771887769929125
8,12,0.1,0.0,Symmetric,3.82421208084854,0.08033931804673777,1.605845998566649
8,12,0.1,0.0,Asymmetric,4.865666116451781,0.126804883765438,0.505580604839471
8,12,0.1,0.3,Uniform,2.741303241918855,0.16124417191516324,1.6448769734441946
8,12,0.1,0.3,Symmetric,3.459870202724043,0.06044081633225389,1.8282486136947012
8,12,0.1,0.3,Asymmetric,5.0,0.13067926862300827,0.0
8,12,0.1,0.6,Uniform,4.306083275297512,0.0716639337696391,1.3403364007919136
8,12,0.1,0.6,Symmetric,3.9472203568346047,0.02426833676040137,1.5307991166201798
8,12,0.1,0.6,Asymmetric,5.0,0.07483608463630415,0.0
8,12,0.1,0.9,Uniform,5.0,0.011434844117711894,0.0
8,12,0.1,0.9,Symmetric,4.886433488556782,0.007974316315379846,0.6115743806930556
8,12,0.1,0.9,Asymmetric,5.0,0.018747958021860356,0.0
8,20,0.0,0.0,Uniform,2.0058732393065606,0.0016325960466190086,0.32240593515959093
8,20,0.0,0.0,Symmetric,1.251441782061541,0.0014759238050802018,0.6268015792700072
8,20,0.0,0.0,Asymmetric,4.392971867906003,0.0017365246251290797,1.2317521151212596
8,20,0.0,0.3,Uniform,1.8226210246502395,0.0017352951404371977,0.4632691180096505
8,20,0.0,0.3,Symmetric,1.475569562637556,0.0012817447087152703,0.6067726313131846
8,20,0.0,0.3,Asymmetric,4.756151508279453,0.0018731722203510967,0.7369712957252965
8,20,0.0,0.6,Uniform,2.564665927945764,0.0013719535901909248,1.4649672017874096
8,20,0.0,0.6,Symmetric,2.2884077817513933,9.908198217745624E-4,1.6302644623035212
8,20,0.0,0.6,Asymmetric,4.5878351797064205,0.0013952754933940431,1.0591759762510984
8,20,0.0,0.9,Uniform,4.906956328489833,6.235916048551553E-4,0.501055505343135
8,20,0.0,0.9,Symmetric,4.332433707879968,3.9733378009412443E-4,1.3381014952109458
8,20,0.0,0.9,Asymmetric,4.864696530173022,6.166258800681088E-4,0.7286314839954259
8,20,0.05,0.0,Uniform,2.264501712661749,0.12954769730065865,0.525116658786567
8,20,0.05,0.0,Symmetric,2.430438906538585,0.035797896957845646,1.8550125424704345
8,20,0.05,0.0,Asymmetric,4.82962100472622,0.1213640151608573,0.6550532753212279
8,20,0.05,0.3,Uniform,2.0958677167298965,0.08963666187119004,0.6522178451878372
8,20,0.05,0.3,Symmetric,2.708753991888357,0.03233989652371061,1.8552020317270521
8,20,0.05,0.3,Asymmetric,4.8198317285777215,0.10638558871435085,0.6789994351546692
8,20,0.05,0.6,Uniform,2.705794042754763,0.04309175199762489,1.38819700256114
8,20,0.05,0.6,Symmetric,2.897245254095054,0.018626857188755404,1.82957444506035
8,20,0.05,0.6,Asymmetric,4.8708699861798035,0.05377389238817096,0.6953864059693129
8,20,0.05,0.9,Uniform,4.976987423617998,0.010581892880512998,0.12392651645385203
8,20,0.05,0.9,Symmetric,4.907553331146117,0.0015473487594087384,0.4978405476487504
8,20,0.05,0.9,Asymmetric,5.0,0.010958822328006457,0.0
8,20,0.1,0.0,Uniform,4.848756473728871,0.3969507826940719,0.5264486709917342
8,20,0.1,0.0,Symmetric,3.22596950347755,0.0773145934313058,1.9500942590716965
8,20,0.1,0.0,Asymmetric,5.0,0.13576862738334466,0.0
8,20,0.1,0.3,Uniform,2.7944789241451593,0.24442599902606935,1.4188835485764602
8,20,0.1,0.3,Symmetric,3.2597631008439385,0.08979925213601501,1.8924904075460387
8,20,0.1,0.3,Asymmetric,5.0,0.13509757443234183,0.0
8,20,0.1,0.6,Uniform,2.652971906546993,0.09024545522551085,1.6471291448647016
8,20,0.1,0.6,Symmetric,3.3763076024308885,0.033875888139315614,1.7526631839466864
8,20,0.1,0.6,Asymmetric,4.873001085674057,0.0958169574479567,0.6839100839723598
8,20,0.1,0.9,Uniform,5.0,0.022978784440549554,0.0
8,20,0.1,0.9,Symmetric,4.753705323254965,0.00860049401807394,0.9294670845143066
8,20,0.1,0.9,Asymmetric,4.867431927373621,0.026287536943112613,0.7139009192572217
